<?xml version="1.0"?>

<config xmlns:xsi="http://www.w3.org/2001/XMLSchema-instance" xsi:noNamespaceSchemaLocation="urn:magento:module:Magento_Config:etc/system_file.xsd">
  <system>
    <section id="payment">
      <group id="stripe_payments" translate="label" type="text" sortOrder="10" showInDefault="1" showInWebsite="1" showInStore="1">
        <label>Stripe</label>
        <comment>Accept online payments using Stripe, the platform of choice of forward-thinking businesses around the world.</comment>
        <fieldset_css>complex stripe-admin-config</fieldset_css>
        <frontend_model>StripeIntegration\Payments\Block\Adminhtml\Config\Fieldset</frontend_model>
        <attribute type="displayIn">recommended_solutions</attribute>
        <include path="StripeIntegration_Payments::system/basic.xml"/>
        <include path="StripeIntegration_Payments::system/cards.xml"/>
        <include path="StripeIntegration_Payments::system/express.xml"/>
        <include path="StripeIntegration_Payments::system/subscriptions.xml"/>
        <include path="StripeIntegration_Payments::system/bancontact.xml"/>
        <include path="StripeIntegration_Payments::system/giropay.xml"/>
        <include path="StripeIntegration_Payments::system/ideal.xml"/>
        <include path="StripeIntegration_Payments::system/sepa.xml"/>
        <include path="StripeIntegration_Payments::system/sofort.xml"/>
        <include path="StripeIntegration_Payments::system/multibanco.xml"/>
        <include path="StripeIntegration_Payments::system/eps.xml"/>
        <include path="StripeIntegration_Payments::system/p24.xml"/>
        <include path="StripeIntegration_Payments::system/alipay.xml"/>
        <include path="StripeIntegration_Payments::system/wechat.xml"/>
        <include path="StripeIntegration_Payments::system/fpx.xml"/>
      </group>
    </section>
  </system>
</config>
