<?xml version="1.0"?>
<include xmlns:xsi="http://www.w3.org/2001/XMLSchema-instance" xsi:noNamespaceSchemaLocation="urn:magento:module:Magento_Config:etc/system_include.xsd">
  <group id="basic" translate="label" type="text" sortOrder="1" showInDefault="1" showInWebsite="1" showInStore="1">
    <label>Basic Settings</label>
    <comment>You will need to set your API keys before you can accept payments. If you do not yet have a Stripe account, please &lt;a href="https://manage.stripe.com/register" target="_blank"&gt;click here&lt;/a&gt; to register.</comment>
    <field id="stripe_mode" translate="label" type="select" sortOrder="30" showInDefault="1" showInWebsite="1" showInStore="1">
      <label>Mode</label>
      <comment><![CDATA[Set this to live when you are ready to accept payments]]></comment>
      <source_model>StripeIntegration\Payments\Model\Adminhtml\Source\Mode</source_model>
      <config_path>payment/stripe_payments_basic/stripe_mode</config_path>
    </field>
    <field id="stripe_test_sk" translate="label" type="obscure" sortOrder="50" showInDefault="1" showInWebsite="1" showInStore="1">
      <label>Test Secret API Key</label>
      <comment>
        <![CDATA[<a target="_blank" href="https://dashboard.stripe.com/account/apikeys">Your Stripe Account</a> &gt; API Keys &gt; Test Secret Key]]>
      </comment>
      <backend_model>Magento\Config\Model\Config\Backend\Encrypted</backend_model>
      <depends>
        <field id="stripe_mode">test</field>
      </depends>
      <config_path>payment/stripe_payments_basic/stripe_test_sk</config_path>
    </field>
    <field id="stripe_test_pk" translate="label" type="text" sortOrder="40" showInDefault="1" showInWebsite="1" showInStore="1">
      <label>Test Publishable API Key</label>
      <comment>
        <![CDATA[<a target="_blank" href="https://dashboard.stripe.com/account/apikeys">Your Stripe Account</a> &gt; API Keys &gt; Test Publishable Key]]>
      </comment>
      <depends>
        <field id="stripe_mode">test</field>
      </depends>
      <config_path>payment/stripe_payments_basic/stripe_test_pk</config_path>
    </field>
    <field id="stripe_live_sk" translate="label" type="obscure" sortOrder="70" showInDefault="1" showInWebsite="1" showInStore="1">
      <label>Live Secret API Key</label>
      <comment>
        <![CDATA[<a target="_blank" href="https://dashboard.stripe.com/account/apikeys">Your Stripe Account</a> &gt; API Keys &gt; Live Secret Key]]>
      </comment>
      <backend_model>Magento\Config\Model\Config\Backend\Encrypted</backend_model>
      <depends>
        <field id="stripe_mode">live</field>
      </depends>
      <config_path>payment/stripe_payments_basic/stripe_live_sk</config_path>
    </field>
    <field id="stripe_live_pk" translate="label" type="text" sortOrder="60" showInDefault="1" showInWebsite="1" showInStore="1">
      <label>Live Publishable API Key</label>
      <comment>
        <![CDATA[<a target="_blank" href="https://dashboard.stripe.com/account/apikeys">Your Stripe Account</a> &gt; API Keys &gt; Live Publishable Key]]>
      </comment>
      <depends>
        <field id="stripe_mode">live</field>
      </depends>
      <config_path>payment/stripe_payments_basic/stripe_live_pk</config_path>
    </field>
    <field id="stripe_test_wss" translate="label" type="obscure" sortOrder="80" showInDefault="1" showInWebsite="1" showInStore="1">
      <label>Test Webhooks Signing Secret</label>
      <comment>
        <![CDATA[<a target="_blank" href="https://dashboard.stripe.com/account/webhooks">Your Stripe Account</a> &gt; Webhooks &gt; Click on webhook for this website &gt; Signing Secret]]>
      </comment>
      <depends>
        <field id="stripe_mode">test</field>
      </depends>
      <config_path>payment/stripe_payments_basic/stripe_test_wss</config_path>
    </field>
    <field id="stripe_live_wss" translate="label" type="obscure" sortOrder="80" showInDefault="1" showInWebsite="1" showInStore="1">
      <label>Live Webhooks Signing Secret</label>
      <comment>
        <![CDATA[<a target="_blank" href="https://dashboard.stripe.com/account/webhooks">Your Stripe Account</a> &gt; Webhooks &gt; Click on webhook for this website &gt; Signing Secret]]>
      </comment>
      <depends>
        <field id="stripe_mode">live</field>
      </depends>
      <config_path>payment/stripe_payments_basic/stripe_live_wss</config_path>
    </field>
 </group>
</include>
