<?xml version="1.0"?>

<config xmlns:xsi="http://www.w3.org/2001/XMLSchema-instance" xsi:noNamespaceSchemaLocation="urn:magento:framework:ObjectManager/etc/config.xsd">
    <!-- Plugin for PaymentInformationManagement -->
    <type name="Magento\Checkout\Model\PaymentInformationManagement">
        <plugin name="stripe_payments_paymentinformation" type="StripeIntegration\Payments\Plugin\PaymentInformationManagement" />
    </type>
    <type name="Magento\Checkout\Model\GuestPaymentInformationManagement">
        <plugin name="stripe_payments_paymentinformationguest" type="StripeIntegration\Payments\Plugin\GuestPaymentInformationManagement" />
    </type>

    <!-- Payment Method Facade configuration -->
    <virtualType name="StripePaymentsFacade" type="StripeIntegration\Payments\Model\PaymentMethod">
        <arguments>
            <argument name="code" xsi:type="string">stripe_payments</argument>
            <argument name="formBlockType" xsi:type="string">StripeIntegration\Payments\Block\Form</argument>
            <argument name="infoBlockType" xsi:type="string">StripeIntegration\Payments\Block\Info</argument>
            <argument name="config" xsi:type="object">StripeIntegration\Payments\Model\Config</argument>
            <argument name="helper" xsi:type="object">StripeIntegration\Payments\Helper\Generic</argument>
            <argument name="api" xsi:type="object">StripeIntegration\Payments\Helper\Api</argument>
            <argument name="customer" xsi:type="object">StripeIntegration\Payments\Model\StripeCustomer</argument>
            <argument name="checkoutHelper" xsi:type="object">\Magento\Checkout\Helper\Data</argument>
            <argument name="sessionQuote" xsi:type="object">\Magento\Checkout\Helper\Data</argument>
            <argument name="logger" xsi:type="object">Psr\Log\LoggerInterface</argument>
            <argument name="valueHandlerPool" xsi:type="object">StripePaymentsValueHandlerPool</argument>
            <argument name="validatorPool" xsi:type="object">StripePaymentsValidatorPool</argument>
        </arguments>
    </virtualType>

    <virtualType name="StripeSubscriptionsFacade" type="StripeIntegration\Payments\Model\Method\Subscriptions">
        <arguments>
            <argument name="code" xsi:type="string">stripe_payments_subscriptions</argument>
            <argument name="formBlockType" xsi:type="string">StripeIntegration\Payments\Block\Form</argument>
            <argument name="infoBlockType" xsi:type="string">StripeIntegration\Payments\Block\Info</argument>
            <argument name="config" xsi:type="object">StripeIntegration\Payments\Model\Config</argument>
            <argument name="logger" xsi:type="object">Psr\Log\LoggerInterface</argument>
            <argument name="valueHandlerPool" xsi:type="object">StripePaymentsValueHandlerPool</argument>
            <argument name="validatorPool" xsi:type="object">StripePaymentsValidatorPool</argument>
        </arguments>
    </virtualType>

    <!-- Configuration reader -->
    <virtualType name="StripePaymentsConfig" type="Magento\Payment\Gateway\Config\Config">
        <arguments>
            <argument name="methodCode" xsi:type="string">stripe_payments</argument>
        </arguments>
    </virtualType>

    <!-- Logger, initialized with StripePaymentsConfig -->
    <virtualType name="StripePaymentsLogger" type="Magento\Payment\Model\Method\Logger">
        <arguments>
            <argument name="config" xsi:type="object">StripePaymentsConfig</argument>
        </arguments>
    </virtualType>

    <type name="StripeIntegration\Payments\Gateway\Http\Client\ClientMock">
        <arguments>
            <argument name="logger" xsi:type="object">StripePaymentsLogger</argument>
        </arguments>
    </type>

    <!-- Validators -->
    <virtualType name="StripePaymentsCountryValidator" type="Magento\Payment\Gateway\Validator\CountryValidator">
        <arguments>
            <argument name="config" xsi:type="object">StripePaymentsConfig</argument>
        </arguments>
    </virtualType>
    <virtualType name="StripePaymentsValidatorPool" type="Magento\Payment\Gateway\Validator\ValidatorPool">
        <arguments>
            <argument name="validators" xsi:type="array">
                <item name="country" xsi:type="string">StripePaymentsCountryValidator</item>
            </argument>
        </arguments>
    </virtualType>

    <!-- Value handlers infrastructure -->
    <virtualType name="StripePaymentsValueHandlerPool" type="Magento\Payment\Gateway\Config\ValueHandlerPool">
        <arguments>
            <argument name="handlers" xsi:type="array">
                <item name="default" xsi:type="string">StripePaymentsConfigValueHandler</item>
            </argument>
        </arguments>
    </virtualType>
    <virtualType name="StripePaymentsConfigValueHandler" type="Magento\Payment\Gateway\Config\ConfigValueHandler">
        <arguments>
            <argument name="configInterface" xsi:type="object">StripePaymentsConfig</argument>
        </arguments>
    </virtualType>

    <type name="StripeIntegration\Payments\Block\Info">
        <arguments>
            <argument name="config" xsi:type="object">StripePaymentsConfig</argument>
        </arguments>
    </type>

    <type name="StripeIntegration\Payments\Model\Ui\ConfigProvider">
        <arguments>
            <argument name="ccConfig" xsi:type="string">Magento\Checkout\Model\ConfigProviderInterface\CcConfig</argument>
            <argument name="assetSource" xsi:type="string">Magento\Framework\View\Asset\Source</argument>
        </arguments>
    </type>

    <type name="StripeIntegration\Payments\Controller\Customer\Cards">
        <arguments>
            <argument name="session" xsi:type="object">Magento\Customer\Model\Session</argument>
            <argument name="config" xsi:type="object">StripeIntegration\Payments\Model\Config</argument>
            <argument name="helper" xsi:type="object">StripeIntegration\Payments\Helper\Generic</argument>
            <argument name="stripeCustomer" xsi:type="object">StripeIntegration\Payments\Model\StripeCustomer</argument>
        </arguments>
    </type>

    <type name="StripeIntegration\Payments\Controller\Customer\Subscriptions">
        <arguments>
            <argument name="session" xsi:type="object">Magento\Customer\Model\Session</argument>
            <argument name="helper" xsi:type="object">StripeIntegration\Payments\Helper\Generic</argument>
            <argument name="order" xsi:type="object">Magento\Sales\Model\Order</argument>
            <argument name="stripeCustomer" xsi:type="object">StripeIntegration\Payments\Model\StripeCustomer</argument>
        </arguments>
    </type>

    <type name="StripeIntegration\Payments\Controller\Webhooks">
        <arguments>
            <argument name="helper" xsi:type="object">StripeIntegration\Payments\Helper\Generic</argument>
            <argument name="invoiceService" xsi:type="object">Magento\Sales\Model\Service\InvoiceService</argument>
            <argument name="dbTransaction" xsi:type="object">Magento\Framework\DB\Transaction</argument>
        </arguments>
    </type>

    <type name="StripeIntegration\Payments\Block\Customer\Cards">
        <arguments>
            <argument name="stripeCustomer" xsi:type="object">StripeIntegration\Payments\Model\StripeCustomer</argument>
            <argument name="helper" xsi:type="object">StripeIntegration\Payments\Helper\Generic</argument>
            <argument name="ccBlock" xsi:type="object">Magento\Payment\Block\Form\Cc</argument>
            <argument name="config" xsi:type="object">StripeIntegration\Payments\Model\Config</argument>
        </arguments>
    </type>

    <type name="StripeIntegration\Payments\Block\Form">
        <arguments>
            <argument name="context" xsi:type="object">Magento\Framework\View\Element\Template\Context</argument>
            <argument name="paymentConfig" xsi:type="object">Magento\Payment\Model\Config</argument>
            <argument name="config" xsi:type="object">StripeIntegration\Payments\Model\Config</argument>
            <argument name="stripeCustomer" xsi:type="object">StripeIntegration\Payments\Model\StripeCustomer</argument>
            <argument name="productMetadata" xsi:type="object">Magento\Framework\App\ProductMetadataInterface</argument>
            <argument name="helper" xsi:type="object">StripeIntegration\Payments\Helper\Generic</argument>
            <argument name="handlers" xsi:type="array" />
        </arguments>
    </type>

    <type name="StripeIntegration\Payments\Block\StripeElements">
        <arguments>
            <argument name="context" xsi:type="object">Magento\Framework\View\Element\Template\Context</argument>
            <argument name="helper" xsi:type="object">StripeIntegration\Payments\Helper\Generic</argument>
            <argument name="handlers" xsi:type="array" />
        </arguments>
    </type>

    <!-- Webhooks Logger -->
    <type name="StripeIntegration\Payments\Logger\Handler">
        <arguments>
            <argument name="filesystem" xsi:type="object">Magento\Framework\Filesystem\Driver\File</argument>
            <argument name="dir" xsi:type="object">Magento\Framework\App\Filesystem\DirectoryList</argument>
        </arguments>
    </type>

    <type name="StripeIntegration\Payments\Logger\WebhooksLogger">
        <arguments>
            <argument name="name" xsi:type="string">webhooks</argument>
            <argument name="handlers"  xsi:type="array">
                <item name="system" xsi:type="object">StripeIntegration\Payments\Logger\Handler</item>
            </argument>
        </arguments>
    </type>

    <preference for="StripeIntegration\Payments\Api\ServiceInterface" type="StripeIntegration\Payments\Api\Service" />
    <preference for="Magento\Multishipping\Controller\Checkout\OverviewPost" type="StripeIntegration\Payments\Controller\Multishipping\OverviewPost" />

    <!-- Payment Method Facade configuration -->
    <virtualType name="StripeExpressFacade" type="StripeIntegration\Payments\Model\Method\Express">
        <arguments>
            <argument name="code" xsi:type="string">stripe_payments_express</argument>
            <argument name="formBlockType" xsi:type="string">Magento\Framework\View\Element\Template</argument>
            <argument name="infoBlockType" xsi:type="string">Magento\Framework\View\Element\Template</argument>
            <argument name="logger" xsi:type="object">Psr\Log\LoggerInterface</argument>
            <argument name="valueHandlerPool" xsi:type="object">StripePaymentsValueHandlerPool</argument>
            <argument name="validatorPool" xsi:type="object">StripePaymentsValidatorPool</argument>
        </arguments>
    </virtualType>

    <!-- Console Commands -->
    <type name="Magento\Framework\Console\CommandList">
        <arguments>
            <argument name="commands" xsi:type="array">
                <item name="MigrateOrders" xsi:type="object">StripeIntegration\Payments\Setup\Migrate\MigrateOrdersCommand</item>
                <item name="MigrateAttributes" xsi:type="object">StripeIntegration\Payments\Setup\Migrate\AttributesCommand</item>
                <item name="MigrateProductsConfiguration" xsi:type="object">StripeIntegration\Payments\Setup\Migrate\ProductConfigurationCommand</item>
                <item name="MigrateStripeSubscriptions" xsi:type="object">StripeIntegration\Payments\Setup\Migrate\StripeSubscriptionsCommand</item>
            </argument>
        </arguments>
    </type>

    <type name="StripeIntegration\Payments\Setup\Migrate\ProductConfigurationCommand">
        <arguments>
            <argument name="session" xsi:type="object">Magento\Catalog\Model\ResourceModel\Product\CollectionFactory</argument>
        </arguments>
    </type>

    <!-- Initial Fee -->
    <type name="Magento\Quote\Model\Quote\Address\ToOrder">
        <plugin name="addInitialFeeToOrder" type="StripeIntegration\Payments\Plugin\Quote\InitialFeeToOrder"/>
    </type>
    <type name="Magento\Sales\Block\Order\Totals">
        <plugin name="addInitialFeeTotal" type="StripeIntegration\Payments\Plugin\Order\AddInitialFeeToTotalsBlock"/>
    </type>
    <type name="Magento\Sales\Model\Order">
        <plugin name="setInitialFeeExtensionAfterLoad" type="StripeIntegration\Payments\Plugin\Order\LoadInitialFee"/>
    </type>
    <type name="Magento\Sales\Model\OrderRepository">
        <plugin name="getInitialFeeExtensionBeforeSave" type="StripeIntegration\Payments\Plugin\Order\SaveInitialFee"/>
    </type>
    <type name="Magento\Sales\Model\ResourceModel\Order\Collection">
        <plugin name="setInitialFeeExtensionAfterLoad" type="StripeIntegration\Payments\Plugin\Order\LoadInitialFeeOnCollection"/>
    </type>

    <!-- Before add to cart plugin -->
    <type name="Magento\Checkout\Model\Cart">
        <plugin name="beforeAddProductToCart"
                type="StripeIntegration\Payments\Plugin\Cart\Before"
                sortOrder="10"
                disabled="false"/>
    </type>

    <!-- CSRF Overwrite -->
    <type name="Magento\Framework\App\Request\CsrfValidator">
        <plugin name="csrf_validator_skip" type="StripeIntegration\Payments\Plugin\CsrfValidatorSkip" />
    </type>

    <!-- Multishipping authorization needed redirect -->
    <type name="Magento\Multishipping\Block\Checkout\Billing">
        <plugin name="multishippingAuthorizationNeeded" type="StripeIntegration\Payments\Plugin\MultishippingAuthorizationRedirect" sortOrder="5" />
    </type>
</config>
